009c2c7a20e7511ac879df230b341690;282, 283, 284, 285, 286, 287, 288, 289, 290, 291, 292
02eb38a3170257267153616f5c351ac4;204, 205, 206, 207, 208, 209, 210, 211, 212, 213, 214, 215, 216, 217, 218, 219, 220, 221, 222, 223, 224, 225, 226, 227, 228
08971d062987eb6a05dc8eb07d88b882;130, 131, 132, 133, 134, 135, 136
1222ddad4926d5a37734375dbf6dbc74;010, 011, 012, 013, 014, 015, 016, 017, 018, 019, 020, 021, 022, 023, 024, 025, 026, 027, 028, 029, 030, 031, 032, 033, 034, 035, 036, 037, 038, 039, 040
16d4a4f986b328f63404c2cd05caa401;074, 075, 076, 077, 078, 079, 080, 081, 082, 083, 084, 085, 086, 087, 088, 089, 090, 091, 092, 093, 094, 095, 096, 097, 098, 099, 100, 101, 102, 103, 104, 105, 106, 107, 108, 109, 110, 111, 112, 113, 114, 115, 116, 117, 118, 119, 120, 121, 122, 123, 124, 125, 126, 127, 128, 129
2b63927dd6ca51338928c41fd5a6b794;044, 045, 046, 047, 048, 049, 050, 051, 052, 053, 054, 055, 056, 057, 058, 059, 060, 061, 062, 063, 064, 065, 066, 067, 068, 069, 070, 071, 072, 073
2e9b49394d90ef5bde952369a06ba7ff;137, 138, 139, 140, 141, 142, 143, 144, 145, 146, 147, 148, 149, 150, 151, 152, 153, 154, 155, 156, 157, 158, 159, 160, 161, 162, 163, 164, 165, 166, 167, 168, 169, 170, 171, 172, 173, 174, 175, 176, 177, 178, 179
4469f49609e0bf85d867826d1585edc0;293, 294, 295, 296
7302b86037b4d56733fb46d102d9201c;248, 249, 250, 251, 252, 253, 254, 255, 256, 257, 258, 259, 260, 261, 262, 263, 264, 265, 266, 267, 268, 269, 270
79710e6c4f946d8bee1157e3bfff8752;002, 003, 004, 005, 006
80b4108ff59a70070aa96769cd5a52ef;233, 234, 235, 236, 237, 238, 239, 240, 241, 242, 243, 244, 245, 246, 247
84ff18c1e40d7e46db806ab8ca473597;271, 272, 273, 274, 275, 276, 277, 278, 279, 280, 281
a3ee505606f66f2463db250f1760ab7d;007, 008, 009
b723f57f5386844be2fbf28741705337;041, 042, 043
c55653a4c494e6ca13b9c50b89c25733;229, 230, 231, 232
df474cc218bae12e39f84a2773fafb13;001
e31b09df14ac667cb9a29391837e6cb7;180, 181, 182, 183, 184, 185, 186, 187, 188, 189, 190, 191, 192, 193, 194, 195, 196, 197, 198, 199, 200, 201, 202, 203
