009c2c7a20e7511ac879df230b341690;249, 250, 251, 252, 253, 254, 255, 256, 257, 258, 259
02eb38a3170257267153616f5c351ac4;181, 182, 183, 184, 185, 186, 187, 188, 189, 190, 191, 192, 193, 194, 195, 196, 197, 198, 199, 200, 201, 202, 203, 204, 205
2b63927dd6ca51338928c41fd5a6b794;19, 20, 21, 22, 23, 24, 25, 26, 27, 28, 29, 30, 31, 32, 33, 34, 35, 36, 37, 38, 39, 40, 39, 41, 42, 43, 44, 45, 46, 47
e31b09df14ac667cb9a29391837e6cb7;157, 158, 159, 160, 161, 162, 163, 164, 165, 166, 167, 168, 169, 170, 171, 172, 173, 174, 175, 176, 177, 178, 179, 180
16d4a4f986b328f63404c2cd05caa401;48, 49, 50, 51, 52, 53, 54, 55, 56, 57, 58, 59, 60, 61, 62, 63, 64, 65, 66, 67, 68, 69, 70, 71, 72, 73, 74, 75, 76, 77, 78, 79, 80, 81, 82, 83, 84, 85, 86, 87, 88, 89, 90, 91, 92, 93, 94, 95, 96, 97, 98, 100, 101, 102, 103, 104
2e9b49394d90ef5bde952369a06ba7ff;113, 114, 115, 116, 117, 118, 119, 120, 122, 123, 124, 125, 126, 127, 128, 129, 130, 131, 132, 133, 134, 135, 136, 137, 138, 139, 140, 141, 142, 143, 144, 145, 146, 147, 148, 149, 150, 151, 152, 153, 154, 155, 156
4469f49609e0bf85d867826d1585edc0;260, 261, 262, 263
84ff18c1e40d7e46db806ab8ca473597;240, 241, 241b, 242, 243, 244, 245, 246, 247, 248, 248b
b723f57f5386844be2fbf28741705337;16, 17, 18
08971d062987eb6a05dc8eb07d88b882;105, 106, 107, 108, 109, 110, 111
7302b86037b4d56733fb46d102d9201c;220, 221, 222, 223, 224, 225, 226, 227, 228, 229, 230, 231, 232, 233, 233b, 234, 234b, 235, 236, 236b, 237, 238, 239
80b4108ff59a70070aa96769cd5a52ef;210, 211, 211b, 212, 213, 213b, 214, 214b, 215, 215b, 216, 217, 217b, 218, 219
1222ddad4926d5a37734375dbf6dbc74;4, 5, 6, 7, 8, 9, 10, 11, 12, 13, 14, 15
c55653a4c494e6ca13b9c50b89c25733;206, 207, 208, 209
